Date;currency_code;Country;dollar_price;GDP pro capite;How_may_burgers_pro capite;size
01/04/2000;ARS;Argentina;2,500;7.708,10 ;3083,24;0,30832404
01/04/2000;AUD;Australia;1,542;24.564,46 ;15933,70;1,593370268
01/04/2000;BRL;Brazil;1,648;3.749,75 ;2275,27;0,227527401
01/04/2000;GBP;Britain;3,002;28.149,87 ;9377,04;0,937703864
01/04/2000;CAD;Canada;1,939;24.190,25 ;12477,08;1,247707612
01/04/2000;CLP;Chile;2,451;5.074,90 ;2070,24;0,207023765
01/04/2000;CNY;China;1,196;959,37 ;802,38;0,080238426
01/04/2000;CZK;Czech Republic;1,391;6.011,62 ;4323,23;0,432323258
01/04/2000;DKK;Denmark;3,078;30.743,55 ;9986,99;0,998699488
01/04/2000;EUR;Euro area;2,381;20.166,57 ;8470,50;0,847050038
01/04/2000;HKD;Hong Kong;1,309;25.756,66 ;19671,02;1,967102067
01/04/2000;HUF;Hungary;1,215;4.624,28 ;3805,82;0,380582473
01/04/2000;IDR;Indonesia;1,825;780,19 ;427,49;0,042749042
01/04/2000;ILS;Israel;3,580;21.043,57 ;5877,69;0,587768817
01/04/2000;JPY;Japan;2,774;38.532,04 ;13892,50;1,389250453
01/04/2000;MYR;Malaysia;1,189;4.043,66 ;3399,54;0,339953889
01/04/2000;MXN;Mexico;2,221;7.157,81 ;3222,73;0,322272892
01/04/2000;NZD;New Zealand;1,692;13.641,10 ;8064,30;0,806429896
01/04/2000;PLN;Poland;1,279;4.492,73 ;3512,50;0,351249613
01/04/2000;RUB;Russia;1,386;1.771,60 ;1278,24;0,127824147
01/04/2000;SGD;Singapore;1,882;23.852,33 ;12671,55;1,267154873
01/04/2000;ZAR;South Africa;1,339;3.032,43 ;2264,21;0,226421226
01/04/2000;KRW;South Korea;2,708;11.947,58 ;4412,64;0,441263922
01/04/2000;SEK;Sweden;2,715;29.456,07 ;10849,65;1,084965195
01/04/2000;CHF;Switzerland;3,471;37.868,30 ;10911,20;1,091120393
01/04/2000;THB;Thailand;1,447;2.007,74 ;1387,16;0,138716331
01/04/2000;USD;United States;2,510;36.334,91 ;14476,06;1,447605927
01/04/2001;ARS;Argentina;2,500;7.208,37 ;2883,35;0,288334863
01/04/2001;AUD;Australia;1,515;24.537,51 ;16194,76;1,619475941
01/04/2001;BRL;Brazil;1,644;3.156,80 ;1920,39;0,192038589
01/04/2001;GBP;Britain;2,846;27.744,51 ;9749,62;0,97496245
01/04/2001;CAD;Canada;2,135;23.738,18 ;11120,59;1,112058917
01/04/2001;CLP;Chile;2,097;4.574,59 ;2182,01;0,218200893
01/04/2001;CNY;China;1,196;1.053,11 ;880,78;0,088078144
01/04/2001;CZK;Czech Republic;1,436;6.609,21 ;4602,84;0,460283957
01/04/2001;DKK;Denmark;2,926;30.751,65 ;10511,47;1,051147458
01/04/2001;EUR;Euro area;2,262;20.433,21 ;9034,85;0,90348472
01/04/2001;HKD;Hong Kong;1,372;25.230,22 ;18392,12;1,839212032
01/04/2001;HUF;Hungary;1,317;5.276,03 ;4006,61;0,400661167
01/04/2001;IDR;Indonesia;1,354;748,26 ;552,54;0,055253989
01/04/2001;JPY;Japan;2,371;20.306,93 ;8564,83;0,856482856
01/04/2001;MYR;Malaysia;1,189;33.846,47 ;28454,99;2,845499324
01/04/2001;MXN;Mexico;2,357;7.544,57 ;3200,41;0,320041291
01/04/2001;NZD;New Zealand;1,457;13.882,86 ;9525,18;0,952518232
01/04/2001;PHP;Philippines;1,173;957,19 ;816,04;0,081604498
01/04/2001;PLN;Poland;1,464;4.981,20 ;3402,41;0,340241194
01/04/2001;RUB;Russia;1,211;2.100,36 ;1734,30;0,173429581
01/04/2001;SGD;Singapore;1,823;21.700,02 ;11902,13;1,190213221
01/04/2001;ZAR;South Africa;1,193;2.666,47 ;2234,89;0,223489083
01/04/2001;KRW;South Korea;2,264;11.252,91 ;4970,03;0,497003417
01/04/2001;SEK;Sweden;2,335;27.093,08 ;11604,87;1,160486974
01/04/2001;CHF;Switzerland;3,642;38.538,98 ;10582,93;1,058292601
01/04/2001;THB;Thailand;1,209;1.893,27 ;1566,25;0,156624924
01/04/2001;USD;United States;2,540;37.133,24 ;14619,39;1,461938693
01/04/2002;ARS;Argentina;0,799;2.593,40 ;3246,94;0,3246942
01/04/2002;AUD;Australia;1,613;2.593,40 ;1607,91;0,160791057
01/04/2002;BRL;Brazil;1,538;26.401,75 ;17161,13;1,716113455
01/04/2002;GBP;Britain;2,886;2.829,28 ;980,52;0,098051748
01/04/2002;CAD;Canada;2,121;30.056,59 ;14170,82;1,417082293
01/04/2002;CLP;Chile;2,137;24.169,28 ;11307,77;1,13077725
01/04/2002;CNY;China;1,268;4.446,25 ;3506,19;0,350618611
01/04/2002;CZK;Czech Republic;1,655;1.148,51 ;693,84;0,069383941
01/04/2002;DKK;Denmark;2,953;8.032,90 ;2719,83;0,27198252
01/04/2002;EUR;Euro area;2,376;33.228,69 ;13983,37;1,398337481
01/04/2002;HKD;Hong Kong;1,400;22.109,87 ;15792,77;1,579276561
01/04/2002;HUF;Hungary;1,688;24.665,89 ;14616,82;1,46168237
01/04/2002;IDR;Indonesia;1,697;6.655,33 ;3922,49;0,392248689
01/04/2002;ILS;Israel;2,505;900,18 ;359,32;0,035932088
01/04/2002;JPY;Japan;2,015;18.435,89 ;9147,58;0,914758137
01/04/2002;MYR;Malaysia;1,326;32.289,35 ;24345,15;2,434514525
01/04/2002;MXN;Mexico;2,360;7.593,14 ;3217,55;0,32175488
01/04/2002;NZD;New Zealand;1,607;16.874,19 ;10499,49;1,049949444
01/04/2002;NOK;Norway;4,089;43.084,47 ;10537,23;1,053723098
01/04/2002;PEN;Peru;2,478;2.021,24 ;815,63;0,081562968
01/04/2002;PHP;Philippines;1,275;999,91 ;784,54;0,078454159
01/04/2002;PLN;Poland;1,460;5.196,93 ;3558,58;0,35585778
01/04/2002;RUB;Russia;1,250;2.377,54 ;1902,03;0,190202957
01/04/2002;SGD;Singapore;1,813;22.159,69 ;12221,40;1,222140416
01/04/2002;ZAR;South Africa;0,890;2.502,28 ;2811,84;0,281183705
01/04/2002;KRW;South Korea;2,377;12.782,53 ;5376,91;0,537690752
01/04/2002;SEK;Sweden;2,500;29.729,72 ;11891,89;1,189188774
01/04/2002;CHF;Switzerland;3,795;41.376,37 ;10902,35;1,090234585
01/04/2002;THB;Thailand;1,270;2.096,19 ;1650,27;0,165027164
01/04/2002;TRY;Turkey;3,020;3.659,94 ;1211,90;0,121189759
01/04/2002;USD;United States;2,490;38.023,16 ;15270,35;1,527034583
01/04/2003;ARS;Argentina;1,424;3.349,81 ;2353,03;0,235303455
01/04/2003;AUD;Australia;1,863;32.222,90 ;17292,95;1,729295485
01/04/2003;BRL;Brazil;1,482;3.070,91 ;2072,02;0,207202092
01/04/2003;GBP;Britain;3,144;34.419,15 ;10946,87;1,094686976
01/04/2003;CAD;Canada;2,207;28.200,66 ;12778,42;1,277842319
01/04/2003;CLP;Chile;1,955;4.772,56 ;2440,82;0,244082498
01/04/2003;CNY;China;1,196;1.288,64 ;1077,77;0,107777436
01/04/2003;CZK;Czech Republic;1,957;9.773,12 ;4992,81;0,499280707
01/04/2003;DKK;Denmark;4,093;40.458,78 ;9885,06;0,988506345
01/04/2003;EGP;Egypt;1,351;1.138,66 ;842,61;0,084261186
01/04/2003;EUR;Euro area;2,981;27.134,91 ;9102,62;0,910262069
01/04/2003;HKD;Hong Kong;1,474;23.977,02 ;16262,67;1,626267406
01/04/2003;HUF;Hungary;2,188;8.421,10 ;3849,65;0,384964723
01/04/2003;IDR;Indonesia;1,842;1.065,65 ;578,49;0,057849492
01/04/2003;JPY;Japan;2,183;34.808,39 ;15942,77;1,594277447
01/04/2003;MYR;Malaysia;1,326;4.461,85 ;3364,09;0,336409151
01/04/2003;MXN;Mexico;2,184;7.075,37 ;3239,29;0,32392888
01/04/2003;NZD;New Zealand;2,219;21.913,71 ;9875,04;0,987503811
01/04/2003;PEN;Peru;2,283;2.145,64 ;939,74;0,093973739
01/04/2003;PHP;Philippines;1,238;1.010,31 ;816,02;0,081601932
01/04/2003;PLN;Poland;1,620;5.693,38 ;3515,43;0,351543484
01/04/2003;RUB;Russia;1,318;2.975,13 ;2256,75;0,225674706
01/04/2003;SGD;Singapore;1,854;23.730,15 ;12799,90;1,279990041
01/04/2003;ZAR;South Africa;1,845;3.751,28 ;2032,95;0,203295327
01/04/2003;KRW;South Korea;2,705;14.209,39 ;5253,17;0,525316788
01/04/2003;SEK;Sweden;3,597;37.090,94 ;10311,28;1,03112817
01/04/2003;CHF;Switzerland;4,599;48.087,54 ;10457,13;1,045713253
01/04/2003;THB;Thailand;1,382;2.359,12 ;1707,36;0,170736058
01/04/2003;TRY;Turkey;2,343;4.718,20 ;2013,73;0,201372768
01/04/2003;USD;United States;2,710;39.496,49 ;14574,35;1,457434903
01/05/2004;ARS;Argentina;1,478;4.277,72 ;2894,33;0,289432981
01/05/2004;AUD;Australia;2,273;36.821,52 ;16201,47;1,620146945
01/05/2004;BRL;Brazil;1,698;3.637,46 ;2142,06;0,214206118
01/05/2004;GBP;Britain;3,365;40.290,31 ;11972,64;1,19726358
01/05/2004;CAD;Canada;2,328;32.034,31 ;13757,68;1,375768075
01/05/2004;CLP;Chile;2,184;6.194,85 ;2836,36;0,283635774
01/05/2004;CNY;China;1,256;1.508,67 ;1201,13;0,120113191
01/05/2004;COP;Colombia;2,347;2.782,62 ;1185,75;0,118575274
01/05/2004;CRC;Costa Rica;2,606;4.385,39 ;1682,55;0,168255411
01/05/2004;CZK;Czech Republic;2,129;11.685,89 ;5488,76;0,548876306
01/05/2004;DKK;Denmark;4,461;46.511,60 ;10425,30;1,04253024
01/05/2004;EGP;Egypt;1,616;1.063,00 ;658,00;0,065799927
01/05/2004;EUR;Euro area;3,288;30.948,77 ;9412,64;0,941264443
01/05/2004;HKD;Hong Kong;1,540;24.928,10 ;16182,49;1,618249182
01/05/2004;HUF;Hungary;2,512;10.285,79 ;4094,91;0,409491029
01/05/2004;IDR;Indonesia;1,765;1.150,26 ;651,58;0,06515766
01/05/2004;JPY;Japan;2,319;37.688,72 ;16255,06;1,625505963
01/05/2004;MYR;Malaysia;1,326;4.952,21 ;3733,81;0,373381137
01/05/2004;MXN;Mexico;2,069;7.484,49 ;3617,50;0,361750183
01/05/2004;NZD;New Zealand;2,652;25.420,23 ;9583,72;0,958372074
01/05/2004;NOK;Norway;5,183;57.603,84 ;11113,65;1,111364601
01/05/2004;PKR;Pakistan;1,904;625,40 ;328,39;0,032839073
01/05/2004;PEN;Peru;2,576;2.417,04 ;938,32;0,093831523
01/05/2004;PHP;Philippines;1,234;1.078,63 ;873,85;0,087384577
01/05/2004;PLN;Poland;1,628;6.681,18 ;4104,15;0,41041527
01/05/2004;RUB;Russia;1,448;4.102,37 ;2832,59;0,283259039
01/05/2004;SAR;Saudi Arabia;0,640;11.185,13 ;17477,70;1,747770298
01/05/2004;SGD;Singapore;1,930;27.608,54 ;14306,24;1,430624209
01/05/2004;ZAR;South Africa;1,862;4.833,63 ;2596,13;0,259612575
01/05/2004;KRW;South Korea;2,719;15.907,67 ;5851,04;0,585103834
01/05/2004;LKR;Sri Lanka;1,414;1.065,78 ;753,66;0,075366185
01/05/2004;SEK;Sweden;3,942;42.544,41 ;10792,10;1,079209879
01/05/2004;CHF;Switzerland;4,884;53.340,20 ;10922,04;1,092204033
01/05/2004;THB;Thailand;1,446;2.660,12 ;1839,54;0,183954254
01/05/2004;TRY;Turkey;2,580;6.040,61 ;2341,31;0,234130896
01/05/2004;UAH;Ukraine;1,360;1.366,02 ;1004,54;0,10045408
01/05/2004;USD;United States;2,900;41.712,80 ;14383,72;1,438372451
01/05/2004;UYU;Uruguay;1,002;4.120,56 ;4111,57;0,411156882
01/06/2005;ARS;Argentina;1,640;5.109,85 ;3116,47;0,311647143
01/06/2005;AUD;Australia;2,497;38.403,13 ;15378,98;1,537897807
01/06/2005;BRL;Brazil;2,394;4.790,44 ;2001,27;0,200126599
01/06/2005;GBP;Britain;3,440;42.030,29 ;12216,69;1,221668602
01/06/2005;CAD;Canada;2,625;36.266,19 ;13814,32;1,38143214
01/06/2005;CLP;Chile;2,532;7.598,53 ;3001,16;0,300116414
01/06/2005;CNY;China;1,269;1.753,42 ;1382,09;0,138209403
01/06/2005;COP;Colombia;2,792;3.404,19 ;1219,07;0,121906669
01/06/2005;CRC;Costa Rica;2,377;4.654,82 ;1957,91;0,195790995
01/06/2005;CZK;Czech Republic;2,299;13.346,18 ;5805,16;0,580516094
01/06/2005;DKK;Denmark;4,576;48.799,83 ;10665,09;1,066509198
01/06/2005;EGP;Egypt;1,552;1.187,52 ;765,29;0,076529047
01/06/2005;EUR;Euro area;3,583;31.936,02 ;8912,88;0,891287792
01/06/2005;HKD;Hong Kong;1,542;26.649,75 ;17279,48;1,727947634
01/06/2005;HUF;Hungary;2,603;11.200,58 ;4303,62;0,430362093
01/06/2005;IDR;Indonesia;1,530;1.150,26 ;752,00;0,075200303
01/06/2005;JPY;Japan;2,343;37.688,72 ;16087,81;1,608780802
01/06/2005;MYR;Malaysia;1,382;4.952,21 ;3584,46;0,358445892
01/06/2005;MXN;Mexico;2,576;7.484,49 ;2904,92;0,290491634
01/06/2005;NZD;New Zealand;3,173;25.420,23 ;8010,52;0,801051581
01/06/2005;NOK;Norway;6,063;57.603,84 ;9501,09;0,950108809
01/06/2005;PKR;Pakistan;2,180;625,40 ;286,82;0,028681708
01/06/2005;PEN;Peru;2,762;2.417,04 ;875,03;0,0875026
01/06/2005;PHP;Philippines;1,467;1.078,63 ;735,49;0,073549011
01/06/2005;PLN;Poland;1,964;6.681,18 ;3401,85;0,340185068
01/06/2005;RUB;Russia;1,479;4.102,37 ;2774,52;0,277452229
01/06/2005;SAR;Saudi Arabia;2,400;11.185,13 ;4660,60;0,466059652
01/06/2005;SGD;Singapore;2,168;27.608,54 ;12735,97;1,273597167
01/06/2005;ZAR;South Africa;2,098;4.833,63 ;2303,58;0,230357867
01/06/2005;KRW;South Korea;2,486;15.907,67 ;6398,06;0,63980632
01/06/2005;LKR;Sri Lanka;1,751;1.065,78 ;608,68;0,060868472
01/06/2005;SEK;Sweden;4,167;42.544,41 ;10210,93;1,021093299
01/06/2005;CHF;Switzerland;5,050;53.340,20 ;10562,21;1,056220567
01/06/2005;THB;Thailand;1,480;2.660,12 ;1796,91;0,179691295
01/06/2005;TRY;Turkey;2,922;6.040,61 ;2067,40;0,206739798
01/06/2005;UAH;Ukraine;1,433;1.366,02 ;953,39;0,095338581
01/06/2005;USD;United States;3,060;41.712,80 ;13631,63;1,363163434
01/06/2005;UYU;Uruguay;1,824;4.120,56 ;2259,28;0,225928246
01/05/2006;ARS;Argentina;2,290;5.109,85 ;2231,18;0,223118008
01/05/2006;AUD;Australia;2,439;38.403,13 ;15745,64;1,574563938
01/05/2006;BRL;Brazil;2,777;4.790,44 ;1724,93;0,17249316
01/05/2006;GBP;Britain;3,648;42.030,29 ;11521,54;1,152153594
01/05/2006;CAD;Canada;3,142;36.266,19 ;11543,88;1,154387766
01/05/2006;CLP;Chile;2,944;7.598,53 ;2581,31;0,258130666
01/05/2006;CNY;China;1,308;1.753,42 ;1340,28;0,134027919
01/05/2006;COP;Colombia;2,596;3.404,19 ;1311,19;0,131118932
01/05/2006;CRC;Costa Rica;2,218;4.654,82 ;2098,93;0,209893466
01/05/2006;CZK;Czech Republic;2,671;13.346,18 ;4996,69;0,499669091
01/05/2006;DKK;Denmark;4,769;48.799,83 ;10231,70;1,023169677
01/05/2006;EGP;Egypt;1,646;1.187,52 ;721,36;0,072135571
01/05/2006;EUR;Euro area;3,767;31.936,02 ;8478,03;0,847802655
01/05/2006;HKD;Hong Kong;1,548;26.649,75 ;17218,63;1,721862607
01/05/2006;HUF;Hungary;2,714;11.200,58 ;4127,10;0,412710059
01/05/2006;IDR;Indonesia;1,566;1.263,29 ;806,86;0,080685988
01/05/2006;JPY;Japan;2,230;37.217,65 ;16689,14;1,668913804
01/05/2006;MYR;Malaysia;1,515;5.587,03 ;3686,93;0,368692902
01/05/2006;MXN;Mexico;2,566;8.277,67 ;3226,32;0,322632227
01/05/2006;NZD;New Zealand;2,745;27.751,07 ;10108,93;1,010893363
01/05/2006;NOK;Norway;7,047;66.810,48 ;9481,34;0,948133914
01/05/2006;PKR;Pakistan;2,165;683,09 ;315,56;0,031556142
01/05/2006;PEN;Peru;2,913;2.729,50 ;936,94;0,093693634
01/05/2006;PHP;Philippines;1,615;1.193,98 ;739,21;0,073921241
01/05/2006;PLN;Poland;2,097;8.021,00 ;3824,35;0,382435284
01/05/2006;RUB;Russia;1,774;5.323,47 ;3001,52;0,300152429
01/05/2006;SAR;Saudi Arabia;2,401;13.791,45 ;5744,90;0,574490357
01/05/2006;SGD;Singapore;2,268;29.961,26 ;13210,42;1,321042033
01/05/2006;ZAR;South Africa;2,115;5.383,66 ;2545,95;0,254594855
01/05/2006;KRW;South Korea;2,625;18.639,52 ;7100,91;0,710091238
01/05/2006;LKR;Sri Lanka;1,845;1.248,70 ;676,63;0,067663011
01/05/2006;SEK;Sweden;4,530;43.164,00 ;9528,19;0,952819139
01/05/2006;CHF;Switzerland;5,212;54.952,68 ;10544,37;1,054437171
01/05/2006;THB;Thailand;1,561;2.894,06 ;1854,37;0,185437016
01/05/2006;TRY;Turkey;2,725;7.384,25 ;2710,20;0,271019616
01/05/2006;UAH;Ukraine;1,683;1.826,93 ;1085,41;0,108541266
01/05/2006;USD;United States;3,100;44.114,75 ;14230,56;1,42305638
01/05/2006;UYU;Uruguay;1,767;5.226,94 ;2957,77;0,295776932
01/06/2007;ARS;Argentina;2,669;5.919,01 ;2218,02;0,221801524
01/06/2007;AUD;Australia;2,949;40.635,28 ;13780,66;1,378066079
01/06/2007;BRL;Brazil;3,607;5.886,46 ;1632,00;0,16320007
01/06/2007;GBP;Britain;4,007;44.599,70 ;11129,99;1,112999196
01/06/2007;CAD;Canada;3,683;40.385,87 ;10965,08;1,096507595
01/06/2007;CLP;Chile;2,971;9.464,55 ;3185,59;0,318559223
01/06/2007;CNY;China;1,446;2.099,23 ;1451,27;0,145127364
01/06/2007;COP;Colombia;3,528;3.731,17 ;1057,71;0,105770515
01/06/2007;CRC;Costa Rica;2,179;5.201,51 ;2387,29;0,238728783
01/06/2007;CZK;Czech Republic;2,505;15.183,64 ;6061,04;0,606104058
01/06/2007;DKK;Denmark;5,082;52.027,00 ;10237,23;1,023722614
01/06/2007;EGP;Egypt;1,677;1.398,19 ;833,97;0,083396795
01/06/2007;EUR;Euro area;4,167;33.767,09 ;8103,67;0,810366795
01/06/2007;HKD;Hong Kong;1,535;28.224,22 ;18382,31;1,838231367
01/06/2007;HUF;Hungary;3,329;11.475,82 ;3446,77;0,344677483
01/06/2007;IDR;Indonesia;1,764;1.589,80 ;901,39;0,090138745
01/06/2007;JPY;Japan;2,289;35.433,99 ;15478,96;1,547895843
01/06/2007;MYR;Malaysia;1,601;6.209,12 ;3877,32;0,387731602
01/06/2007;MXN;Mexico;2,693;9.068,29 ;3367,01;0,33670108
01/06/2007;NZD;New Zealand;3,595;26.671,33 ;7419,85;0,741984788
01/06/2007;NOK;Norway;6,880;74.148,32 ;10777,27;1,077727295
01/06/2007;PKR;Pakistan;2,319;836,86 ;360,87;0,036086621
01/06/2007;PEN;Peru;3,000;3.154,33 ;1051,55;0,105155442
01/06/2007;PHP;Philippines;1,852;1.390,52 ;750,84;0,07508384
01/06/2007;PLN;Poland;2,507;9.038,73 ;3604,82;0,360481616
01/06/2007;RUB;Russia;2,027;6.920,19 ;3413,29;0,341328608
01/06/2007;SAR;Saudi Arabia;2,400;15.384,74 ;6411,08;0,641107763
01/06/2007;SGD;Singapore;2,592;33.769,15 ;13026,77;1,302677181
01/06/2007;ZAR;South Africa;2,223;5.602,01 ;2519,46;0,251945929
01/06/2007;KRW;South Korea;3,144;20.888,38 ;6644,67;0,664466575
01/06/2007;LKR;Sri Lanka;1,885;1.435,82 ;761,67;0,076166683
01/06/2007;SEK;Sweden;4,859;46.277,58 ;9524,28;0,952427589
01/06/2007;CHF;Switzerland;5,201;57.579,50 ;11069,89;1,106988793
01/06/2007;THB;Thailand;1,799;3.369,55 ;1872,54;0,187254468
01/06/2007;TRY;Turkey;3,659;8.035,38 ;2195,94;0,219594175
01/06/2007;UAH;Ukraine;1,840;2.300,77 ;1250,50;0,125050039
01/06/2007;USD;United States;3,410;46.298,73 ;13577,34;1,35773406
01/06/2007;UYU;Uruguay;2,589;5.887,85 ;2273,94;0,227394415
01/06/2008;ARS;Argentina;3,643;9.020,87 ;2476,23;0,247622967
01/06/2008;AUD;Australia;3,363;51.708,77 ;15377,74;1,537773729
01/06/2008;BRL;Brazil;4,733;8.831,02 ;1865,82;0,186581856
01/06/2008;GBP;Britain;4,570;47.287,00 ;10346,14;1,03461404
01/06/2008;CAD;Canada;4,076;46.594,45 ;11432,73;1,143272891
01/06/2008;CLP;Chile;3,134;10.751,48 ;3431,11;0,34311093
01/06/2008;CNY;China;1,829;3.468,30 ;1896,19;0,189619142
01/06/2008;COP;Colombia;3,892;5.461,78 ;1403,40;0,140340456
01/06/2008;CRC;Costa Rica;3,267;6.859,08 ;2099,72;0,209971651
01/06/2008;CZK;Czech Republic;4,558;22.698,85 ;4980,13;0,498012787
01/06/2008;DKK;Denmark;5,952;64.322,06 ;10807,03;1,080702555
01/06/2008;EGP;Egypt;2,447;2.044,53 ;835,50;0,083550417
01/06/2008;EUR;Euro area;5,343;42.177,82 ;7894,47;0,789446997
01/06/2008;HKD;Hong Kong;1,706;31.515,66 ;18476,71;1,847670894
01/06/2008;HUF;Hungary;4,644;15.753,47 ;3391,88;0,339188268
01/06/2008;IDR;Indonesia;2,043;2.166,85 ;1060,48;0,106048392
01/06/2008;JPY;Japan;2,620;39.339,30 ;15012,86;1,501285944
01/06/2008;MYR;Malaysia;1,699;8.474,59 ;4989,22;0,498922039
01/06/2008;MXN;Mexico;3,147;10.016,57 ;3182,92;0,318292204
01/06/2008;NZD;New Zealand;3,719;31.287,94 ;8413,90;0,841390272
01/06/2008;NOK;Norway;7,875;96.944,10 ;12309,84;1,230984008
01/06/2008;PKR;Pakistan;1,975;990,85 ;501,79;0,050179303
01/06/2008;PEN;Peru;3,345;4.220,62 ;1261,74;0,126174234
01/06/2008;PHP;Philippines;1,956;1.916,30 ;979,84;0,097984436
01/06/2008;PLN;Poland;3,446;14.001,45 ;4063,32;0,40633199
01/06/2008;RUB;Russia;2,539;11.635,27 ;4581,85;0,458185267
01/06/2008;SAR;Saudi Arabia;2,667;20.078,26 ;7528,44;0,752844315
01/06/2008;SGD;Singapore;2,920;40.007,47 ;13701,29;1,370129216
01/06/2008;ZAR;South Africa;2,241;5.760,81 ;2570,53;0,25705257
01/06/2008;KRW;South Korea;3,143;20.430,64 ;6499,82;0,649981641
01/06/2008;LKR;Sri Lanka;1,953;2.037,32 ;1043,40;0,104339996
01/06/2008;SEK;Sweden;6,375;55.903,90 ;8769,34;0,876933583
01/06/2008;CHF;Switzerland;6,359;72.487,83 ;11398,99;1,139899081
01/06/2008;THB;Thailand;1,859;4.379,66 ;2356,54;0,235653957
01/06/2008;TRY;Turkey;4,318;10.854,17 ;2513,85;0,251384737
01/06/2008;UAH;Ukraine;2,391;3.887,24 ;1625,57;0,162557368
01/06/2008;USD;United States;3,570;48.382,56 ;13552,54;1,355253738
01/06/2008;UYU;Uruguay;3,185;9.091,08 ;2854,00;0,285400268
01/07/2009;ARS;Argentina;3,017;8.225,14 ;2725,92;0,272591774
01/07/2009;AUD;Australia;3,372;47.963,18 ;14222,08;1,422207732
01/07/2009;BRL;Brazil;4,021;8.597,92 ;2138,34;0,213834331
01/07/2009;GBP;Britain;3,688;38.713,14 ;10496,27;1,049627479
01/07/2009;CAD;Canada;3,351;40.773,06 ;12167,46;1,216745719
01/07/2009;CLP;Chile;3,190;10.208,91 ;3200,05;0,320005475
01/07/2009;CNY;China;1,829;3.832,24 ;2094,76;0,209476149
01/07/2009;COP;Colombia;3,340;5.195,39 ;1555,35;0,155535234
01/07/2009;CRC;Costa Rica;3,433;6.760,48 ;1969,23;0,196922569
01/07/2009;CZK;Czech Republic;3,640;19.741,60 ;5424,16;0,5424158
01/07/2009;DKK;Denmark;5,527;58.163,28 ;10523,61;1,052360984
01/07/2009;EGP;Egypt;2,328;2.329,24 ;1000,63;0,100063232
01/07/2009;EUR;Euro area;4,617;38.423,21 ;8321,90;0,832190242
01/07/2009;HKD;Hong Kong;1,716;30.697,34 ;17888,70;1,7888702
01/07/2009;HUF;Hungary;3,615;13.046,48 ;3608,76;0,360875993
01/07/2009;IDR;Indonesia;2,049;2.261,25 ;1103,58;0,11035752
01/07/2009;ILS;Israel;3,774;27.715,64 ;7343,26;0,734325797
01/07/2009;JPY;Japan;3,457;40.855,18 ;11818,00;1,181799791
01/07/2009;MYR;Malaysia;1,880;7.292,49 ;3879,99;0,387999483
01/07/2009;MXN;Mexico;2,390;8.002,97 ;3349,22;0,334921958
01/07/2009;NZD;New Zealand;3,077;28.201,23 ;9164,54;0,916453719
01/07/2009;NOK;Norway;6,145;79.977,70 ;13014,87;1,301487062
01/07/2009;PKR;Pakistan;2,300;958,00 ;416,48;0,041647602
01/07/2009;PEN;Peru;2,661;4.196,31 ;1576,95;0,157695101
01/07/2009;PHP;Philippines;2,054;1.821,52 ;886,75;0,088675356
01/07/2009;PLN;Poland;2,409;11.527,59 ;4785,85;0,478584718
01/07/2009;RUB;Russia;2,043;8.562,81 ;4191,42;0,419142062
01/07/2009;SAR;Saudi Arabia;2,933;16.113,14 ;5493,70;0,549370269
01/07/2009;SGD;Singapore;2,882;38.927,21 ;13509,22;1,35092167
01/07/2009;ZAR;South Africa;2,168;5.862,80 ;2704,56;0,270456231
01/07/2009;KRW;South Korea;2,587;18.291,92 ;7071,98;0,707197892
01/07/2009;LKR;Sri Lanka;1,828;2.090,40 ;1143,35;0,114335026
01/07/2009;SEK;Sweden;4,931;46.793,94 ;9489,75;0,948975188
01/07/2009;CHF;Switzerland;5,985;69.927,44 ;11683,80;1,16837998
01/07/2009;THB;Thailand;1,888;4.213,00 ;2231,93;0,22319305
01/07/2009;TRY;Turkey;3,645;9.038,52 ;2479,67;0,247967401
01/07/2009;UAH;Ukraine;1,828;2.543,00 ;1391,38;0,139138272
01/07/2009;USD;United States;3,570;47.099,98 ;13193,27;1,319327184
01/07/2009;UYU;Uruguay;2,633;9.451,93 ;3590,18;0,359018483
01/07/2010;ARS;Argentina;3,559;10.385,96 ;2918,27;0,291827054
01/07/2010;AUD;Australia;3,837;46.858,04 ;12212,42;1,221241876
01/07/2010;BRL;Brazil;4,907;11.286,24 ;2299,94;0,229994455
01/07/2010;GBP;Britain;3,484;39.435,84 ;11320,60;1,13205961
01/07/2010;CAD;Canada;4,001;47.450,32 ;11860,87;1,186087277
01/07/2010;CLP;Chile;3,342;12.808,03 ;3832,53;0,383252989
01/07/2010;CNY;China;1,948;4.550,45 ;2336,21;0,233620977
01/07/2010;COP;Colombia;4,389;6.326,55 ;1441,57;0,144156602
01/07/2010;CRC;Costa Rica;3,831;8.141,91 ;2125,51;0,212550749
01/07/2010;CZK;Czech Republic;3,425;19.808,07 ;5783,00;0,578299623
01/07/2010;DKK;Denmark;4,902;58.041,40 ;11839,73;1,183973249
01/07/2010;EGP;Egypt;2,281;2.644,82 ;1159,45;0,11594471
01/07/2010;EUR;Euro area;4,333;37.567,05 ;8670,94;0,867093971
01/07/2010;HKD;Hong Kong;1,904;32.550,00 ;17097,99;1,709798623
01/07/2010;HUF;Hungary;3,334;13.113,53 ;3933,51;0,39335111
01/07/2010;IDR;Indonesia;2,514;3.122,36 ;1242,23;0,124222889
01/07/2010;ILS;Israel;3,858;30.693,59 ;7955,41;0,795540853
01/07/2010;JPY;Japan;3,671;44.507,68 ;12125,56;1,212556009
01/07/2010;MYR;Malaysia;2,194;9.040,57 ;4120,83;0,412083116
01/07/2010;MXN;Mexico;2,504;9.271,40 ;3703,34;0,370334413
01/07/2010;NZD;New Zealand;3,590;33.692,01 ;9384,96;0,938496123
01/07/2010;NOK;Norway;7,204;87.693,79 ;12172,39;1,217238525
01/07/2010;PKR;Pakistan;2,455;987,41 ;402,13;0,040213436
01/07/2010;PEN;Peru;3,537;5.082,35 ;1437,04;0,143703581
01/07/2010;PHP;Philippines;2,195;2.124,06 ;967,70;0,096769528
01/07/2010;PLN;Poland;2,596;12.599,53 ;4852,95;0,485294565
01/07/2010;RUB;Russia;2,332;10.675,00 ;4577,21;0,457720575
01/07/2010;SAR;Saudi Arabia;2,666;19.262,55 ;7224,32;0,72243222
01/07/2010;SGD;Singapore;3,078;47.236,96 ;15345,87;1,534587015
01/07/2010;ZAR;South Africa;2,448;7.328,62 ;2993,61;0,299361039
01/07/2010;KRW;South Korea;2,823;22.086,95 ;7824,30;0,782430307
01/07/2010;LKR;Sri Lanka;1,862;2.799,65 ;1503,48;0,15034781
01/07/2010;SEK;Sweden;6,564;52.817,44 ;8046,53;0,804652985
01/07/2010;CHF;Switzerland;6,185;74.605,77 ;12061,46;1,206145818
01/07/2010;THB;Thailand;2,167;5.076,34 ;2342,73;0,234273229
01/07/2010;TRY;Turkey;3,891;10.672,39 ;2743,07;0,274307309
01/07/2010;UAH;Ukraine;1,836;2.965,14 ;1615,29;0,161528687
01/07/2010;USD;United States;3,733;48.466,82 ;12982,18;1,298218483
01/07/2010;UYU;Uruguay;3,744;11.992,02 ;3202,93;0,320293102
01/07/2011;ARS;Argentina;4,840;12.848,86 ;2654,90;0,265489656
01/07/2011;AUD;Australia;4,944;51.374,96 ;10391,96;1,039195521
01/07/2011;BRL;Brazil;6,162;13.245,61 ;2149,41;0,214941434
01/07/2011;GBP;Britain;3,892;42.038,50 ;10802,27;1,080226663
01/07/2011;CAD;Canada;5,001;52.101,80 ;10418,71;1,041870694
01/07/2011;CLP;Chile;3,998;14.637,24 ;3661,29;0,366128806
01/07/2011;CNY;China;2,273;5.618,13 ;2471,59;0,247159481
01/07/2011;COP;Colombia;4,744;7.324,38 ;1543,79;0,154378817
01/07/2011;CRC;Costa Rica;4,065;9.121,93 ;2244,02;0,224401765
01/07/2011;CZK;Czech Republic;4,072;21.717,46 ;5332,84;0,533283897
01/07/2011;DKK;Denmark;5,482;61.753,65 ;11263,97;1,126397358
01/07/2011;EGP;Egypt;2,363;2.791,95 ;1181,38;0,118137938
01/07/2011;EUR;Euro area;4,928;40.613,00 ;8240,60;0,824060244
01/07/2011;HKD;Hong Kong;1,938;35.142,49 ;18133,99;1,813398924
01/07/2011;HUF;Hungary;4,041;14.150,97 ;3501,85;0,350185036
01/07/2011;INR;India;1,892;1.458,10 ;770,71;0,077071186
01/07/2011;IDR;Indonesia;2,644;3.643,04 ;1377,90;0,137790288
01/07/2011;ILS;Israel;4,672;33.669,25 ;7206,81;0,720680692
01/07/2011;JPY;Japan;4,083;48.168,00 ;11795,89;1,179589096
01/07/2011;MYR;Malaysia;2,422;10.399,37 ;4294,07;0,429407433
01/07/2011;MXN;Mexico;2,742;10.203,42 ;3721,30;0,372129919
01/07/2011;NZD;New Zealand;4,412;38.426,55 ;8710,54;0,871054081
01/07/2011;NOK;Norway;8,312;100.600,56 ;12103,48;1,210347722
01/07/2011;PKR;Pakistan;2,376;1.164,98 ;490,37;0,04903713
01/07/2011;PEN;Peru;3,653;5.869,32 ;1606,73;0,160672719
01/07/2011;PHP;Philippines;2,782;2.345,33 ;842,93;0,08429267
01/07/2011;PLN;Poland;3,086;13.893,51 ;4502,59;0,450259174
01/07/2011;RUB;Russia;2,702;14.351,21 ;5310,43;0,531042683
01/07/2011;SAR;Saudi Arabia;2,667;23.745,80 ;8905,15;0,890515052
01/07/2011;SGD;Singapore;3,654;53.890,43 ;14750,21;1,47502136
01/07/2011;ZAR;South Africa;2,873;8.007,41 ;2786,68;0,278668259
01/07/2011;KRW;South Korea;3,503;24.079,79 ;6873,80;0,687380342
01/07/2011;LKR;Sri Lanka;2,558;3.200,83 ;1251,47;0,125146887
01/07/2011;SEK;Sweden;7,640;60.612,88 ;7933,77;0,7933775
01/07/2011;CHF;Switzerland;8,063;88.415,61 ;10965,58;1,09655761
01/07/2011;THB;Thailand;2,353;5.492,12 ;2334,15;0,233414906
01/07/2011;TRY;Turkey;3,773;11.335,51 ;3004,52;0,300452066
01/07/2011;UAH;Ukraine;2,064;3.569,76 ;1729,49;0,172949319
01/07/2011;USD;United States;4,065;49.883,11 ;12271,37;1,227136875
01/07/2011;UYU;Uruguay;4,878;14.236,68 ;2918,52;0,291851964
01/07/2012;ARS;Argentina;4,161;13.082,66 ;3144,14;0,314414295
01/07/2012;AUD;Australia;4,680;48.567,70 ;10377,37;1,037736676
01/07/2012;BRL;Brazil;4,936;12.370,02 ;2506,10;0,250609573
01/07/2012;GBP;Britain;4,162;42.462,71 ;10201,57;1,020156776
01/07/2012;CAD;Canada;5,022;52.542,35 ;10461,78;1,046177643
01/07/2012;CLP;Chile;4,158;15.351,55 ;3692,24;0,369223531
01/07/2012;CNY;China;2,450;6.316,92 ;2578,63;0,25786349
01/07/2012;COP;Colombia;4,766;8.042,53 ;1687,51;0,168750511
01/07/2012;CZK;Czech Republic;3,341;19.729,87 ;5904,65;0,590465398
01/07/2012;DKK;Denmark;4,645;58.507,51 ;12595,74;1,259574268
01/07/2012;EGP;Egypt;2,637;3.232,65 ;1225,68;0,122567903
01/07/2012;EUR;Euro area;4,344;37.597,99 ;8654,29;0,865428834
01/07/2012;HKD;Hong Kong;2,127;36.730,88 ;17270,52;1,727052431
01/07/2012;HUF;Hungary;3,484;12.918,25 ;3707,62;0,370761642
01/07/2012;INR;India;1,585;1.443,88 ;911,19;0,091118532
01/07/2012;IDR;Indonesia;2,552;3.694,35 ;1447,59;0,144758942
01/07/2012;ILS;Israel;2,919;32.511,24 ;11136,46;1,113646498
01/07/2012;JPY;Japan;4,091;48.603,48 ;11880,51;1,188051232
01/07/2012;MYR;Malaysia;2,332;10.817,44 ;4639,07;0,463907499
01/07/2012;MXN;Mexico;2,703;10.241,73 ;3788,61;0,378860892
01/07/2012;NZD;New Zealand;4,005;39.970,44 ;9981,33;0,99813311
01/07/2012;NOK;Norway;7,058;101.524,14 ;14383,49;1,438349182
01/07/2012;PKR;Pakistan;3,013;1.198,11 ;397,71;0,039770913
01/07/2012;PHP;Philippines;2,796;2.572,63 ;920,04;0,092004205
01/07/2012;PLN;Poland;2,630;13.145,54 ;4998,70;0,499869965
01/07/2012;RUB;Russia;2,289;15.434,57 ;6742,90;0,674290268
01/07/2012;SAR;Saudi Arabia;2,666;25.243,36 ;9466,89;0,94668906
01/07/2012;SGD;Singapore;3,496;55.546,49 ;15887,56;1,588755814
01/07/2012;ZAR;South Africa;2,356;7.501,47 ;3184,20;0,31841954
01/07/2012;KRW;South Korea;3,215;24.358,78 ;7577,56;0,757755629
01/07/2012;LKR;Sri Lanka;2,214;3.350,52 ;1513,51;0,151351161
01/07/2012;SEK;Sweden;5,729;57.874,29 ;10102,55;1,010254942
01/07/2012;CHF;Switzerland;6,562;83.538,21 ;12731,22;1,273122363
01/07/2012;THB;Thailand;2,587;5.860,58 ;2265,61;0,22656147
01/07/2012;TRY;Turkey;4,516;11.707,26 ;2592,48;0,259248397
01/07/2012;UAH;Ukraine;1,855;3.855,42 ;2078,20;0,207820058
01/07/2012;USD;United States;4,328;51.603,50 ;11924,55;1,192455165
01/07/2012;UYU;Uruguay;4,527;15.171,58 ;3351,54;0,335154098
01/07/2013;ARS;Argentina;3,880;13.080,25 ;3371,28;0,337127994
01/07/2013;AUD;Australia;4,620;50.716,71 ;10977,97;1,097796514
01/07/2013;BRL;Brazil;5,285;12.300,32 ;2327,48;0,232747729
01/07/2013;GBP;Britain;4,020;43.444,56 ;10806,92;1,080691616
01/07/2013;CAD;Canada;5,260;52.504,66 ;9981,11;0,998110657
01/07/2013;CLP;Chile;3,936;15.842,94 ;4025,33;0,402533479
01/07/2013;CNY;China;2,608;7.050,65 ;2703,09;0,270308545
01/07/2013;COP;Colombia;4,477;8.212,67 ;1834,48;0,18344808
01/07/2013;CRC;Costa Rica;4,311;10.490,08 ;2433,09;0,243308898
01/07/2013;CZK;Czech Republic;3,491;19.916,02 ;5705,62;0,570562152
01/07/2013;DKK;Denmark;4,913;61.191,19 ;12454,23;1,245423292
01/07/2013;EGP;Egypt;2,390;3.264,38 ;1366,00;0,136600123
01/07/2013;EUR;Euro area;4,659;39.102,95 ;8392,29;0,839228749
01/07/2013;HKD;Hong Kong;2,192;38.403,78 ;17522,63;1,75226272
01/07/2013;HUF;Hungary;3,764;13.687,25 ;3636,06;0,363606467
01/07/2013;INR;India;1,501;1.449,61 ;966,08;0,096608181
01/07/2013;IDR;Indonesia;2,804;3.623,91 ;1292,54;0,129254014
01/07/2013;ILS;Israel;4,800;36.309,47 ;7564,71;0,756471474
01/07/2013;JPY;Japan;3,197;40.454,45 ;12655,29;1,265528895
01/07/2013;MYR;Malaysia;2,295;10.970,12 ;4779,52;0,477951741
01/07/2013;MXN;Mexico;2,859;10.725,18 ;3751,25;0,375124881
01/07/2013;NZD;New Zealand;4,299;42.949,14 ;9990,32;0,999032169
01/07/2013;NOK;Norway;7,506;102.913,45 ;13710,09;1,371008518
01/07/2013;PKR;Pakistan;2,999;1.208,90 ;403,11;0,040310914
01/07/2013;PEN;Peru;3,593;6.756,75 ;1880,40;0,18804043
01/07/2013;PHP;Philippines;2,652;2.749,39 ;1036,66;0,103665789
01/07/2013;PLN;Poland;2,734;13.781,06 ;5041,32;0,504132241
01/07/2013;RUB;Russia;2,641;16.007,09 ;6060,41;0,606041306
01/07/2013;SAR;Saudi Arabia;2,667;24.844,74 ;9317,28;0,931727603
01/07/2013;SGD;Singapore;3,687;56.967,43 ;15450,29;1,545029312
01/07/2013;ZAR;South Africa;2,239;6.832,46 ;3051,00;0,305099567
01/07/2013;KRW;South Korea;3,434;25.890,02 ;7539,31;0,753930621
01/07/2013;LKR;Sri Lanka;2,829;3.610,29 ;1276,29;0,127628608
01/07/2013;SEK;Sweden;6,157;60.897,37 ;9890,96;0,989095569
01/07/2013;CHF;Switzerland;6,719;85.112,47 ;12667,35;1,266735432
01/07/2013;THB;Thailand;2,846;6.168,26 ;2167,56;0,216755601
01/07/2013;TRY;Turkey;4,342;12.519,39 ;2883,07;0,288306856
01/07/2013;UAH;Ukraine;2,330;4.029,72 ;1729,60;0,172959631
01/07/2013;USD;United States;4,557;53.106,91 ;11654,77;1,165477171
01/07/2013;UYU;Uruguay;4,980;16.973,67 ;3408,48;0,340847544
01/07/2014;ARS;Argentina;2,571;12.334,80 ;4798,09;0,479808967
01/07/2014;AUD;Australia;4,814;51.717,50 ;10742,82;1,074282057
01/07/2014;BRL;Brazil;5,855;12.112,59 ;2068,69;0,206869066
01/07/2014;GBP;Britain;4,925;47.417,64 ;9627,68;0,962767644
01/07/2014;CAD;Canada;5,251;50.835,51 ;9680,83;0,968082993
01/07/2014;CLP;Chile;3,722;14.671,00 ;3941,19;0,394118863
01/07/2014;CNY;China;2,727;7.651,37 ;2806,24;0,280624036
01/07/2014;COP;Colombia;4,655;8.114,08 ;1743,25;0,174325439
01/07/2014;CRC;Costa Rica;4,001;10.547,15 ;2635,81;0,263580683
01/07/2014;CZK;Czech Republic;3,456;19.744,56 ;5713,93;0,571392672
01/07/2014;DKK;Denmark;5,146;62.548,98 ;12156,01;1,215601111
01/07/2014;EGP;Egypt;2,368;3.378,83 ;1426,98;0,142698247
01/07/2014;EUR;Euro area;4,954;39.856,70 ;8046,10;0,804610045
01/07/2014;HKD;Hong Kong;2,426;40.315,29 ;16620,30;1,662029814
01/07/2014;HUF;Hungary;3,767;14.246,11 ;3781,95;0,378194707
01/07/2014;INR;India;1,747;1.573,88 ;900,69;0,090069116
01/07/2014;IDR;Indonesia;2,428;3.491,62 ;1437,82;0,143781607
01/07/2014;ILS;Israel;5,126;37.678,89 ;7350,18;0,735018251
01/07/2014;JPY;Japan;3,644;38.109,41 ;10457,43;1,045742868
01/07/2014;MYR;Malaysia;2,409;11.319,08 ;4698,98;0,469897577
01/07/2014;MXN;Mexico;3,248;10.922,38 ;3363,19;0,336319463
01/07/2014;NZD;New Zealand;4,945;44.533,78 ;9006,28;0,900627597
01/07/2014;NOK;Norway;7,758;97.019,18 ;12505,97;1,250597478
01/07/2014;PKR;Pakistan;3,040;1.251,16 ;411,55;0,041154958
01/07/2014;PEN;Peru;3,587;6.672,88 ;1860,40;0,186039902
01/07/2014;PHP;Philippines;3,703;2.831,32 ;764,54;0,076454398
01/07/2014;PLN;Poland;2,995;14.347,91 ;4790,02;0,479002009
01/07/2014;RUB;Russia;2,555;14.100,73 ;5519,45;0,551944522
01/07/2014;SAR;Saudi Arabia;2,933;24.463,90 ;8340,75;0,834074538
01/07/2014;SGD;Singapore;3,796;57.562,53 ;15162,22;1,516221556
01/07/2014;ZAR;South Africa;2,330;6.433,19 ;2760,89;0,276088766
01/07/2014;KRW;South Korea;4,005;27.811,37 ;6944,36;0,694436252
01/07/2014;LKR;Sri Lanka;2,687;3.819,25 ;1421,36;0,142136248
01/07/2014;SEK;Sweden;5,954;59.843,52 ;10051,36;1,005135865
01/07/2014;CHF;Switzerland;6,826;86.605,52 ;12687,15;1,268714592
01/07/2014;THB;Thailand;3,115;5.951,88 ;1910,61;0,191061479
01/07/2014;TRY;Turkey;4,423;12.095,85 ;2734,64;0,273464388
01/07/2014;UAH;Ukraine;1,626;3.104,66 ;1909,36;0,190936485
01/07/2014;USD;United States;4,795;55.032,96 ;11477,15;1,147715495
01/07/2014;UYU;Uruguay;4,919;16.831,97 ;3421,51;0,342150813
01/07/2014;VND;Vietnam;2,826;2.030,26 ;718,37;0,071837435
01/07/2015;ARS;Argentina;3,065;13.789,06 ;4498,68;0,449868096
01/07/2015;AUD;Australia;3,922;44.178,05 ;11263,40;1,126340198
01/07/2015;BRL;Brazil;4,283;8.814,00 ;2058,13;0,205813452
01/07/2015;GBP;Britain;4,512;44.966,10 ;9964,91;0,996490637
01/07/2015;CAD;Canada;4,536;43.495,05 ;9588,99;0,958898661
01/07/2015;CLP;Chile;3,269;13.574,17 ;4152,73;0,4152727
01/07/2015;CNY;China;2,738;8.033,39 ;2934,17;0,293417136
01/07/2015;COP;Colombia;2,916;6.175,88 ;2117,70;0,211770007
01/07/2015;CRC;Costa Rica;4,032;11.299,14 ;2802,71;0,280271116
01/07/2015;CZK;Czech Republic;2,834;17.715,62 ;6251,65;0,625165138
01/07/2015;DKK;Denmark;5,079;53.254,86 ;10486,31;1,04863107
01/07/2015;EGP;Egypt;2,162;3.598,97 ;1664,51;0,166450812
01/07/2015;EUR;Euro area;4,054;34.377,51 ;8480,10;0,848009859
01/07/2015;HKD;Hong Kong;2,477;42.431,89 ;17129,22;1,71292229
01/07/2015;HUF;Hungary;3,182;12.651,57 ;3976,50;0,397649758
01/07/2015;INR;India;1,833;1.605,61 ;876,07;0,087607357
01/07/2015;IDR;Indonesia;2,286;3.331,70 ;1457,70;0,145769855
01/07/2015;ILS;Israel;4,632;35.776,80 ;7724,41;0,772441452
01/07/2015;JPY;Japan;2,985;34.524,47 ;11564,30;1,156429776
01/07/2015;MYR;Malaysia;2,010;9.955,24 ;4953,55;0,495354629
01/07/2015;MXN;Mexico;3,113;9.605,95 ;3085,62;0,308561813
01/07/2015;NZD;New Zealand;3,910;38.559,55 ;9862,70;0,986269742
01/07/2015;NOK;Norway;5,649;74.355,52 ;13161,82;1,316181534
01/07/2015;PKR;Pakistan;3,441;1.356,67 ;394,21;0,039420889
01/07/2015;PEN;Peru;3,141;6.229,10 ;1983,03;0,198303452
01/07/2015;PHP;Philippines;3,605;2.867,15 ;795,28;0,079528288
01/07/2015;PLN;Poland;2,544;12.572,31 ;4941,96;0,494196469
01/07/2015;RUB;Russia;1,883;9.313,79 ;4945,45;0,49454471
01/07/2015;SAR;Saudi Arabia;3,200;20.627,93 ;6447,17;0,644717444
01/07/2015;SGD;Singapore;3,440;55.646,62 ;16177,77;1,617777444
01/07/2015;ZAR;South Africa;2,094;5.734,63 ;2738,19;0,27381883
01/07/2015;KRW;South Korea;3,760;27.105,08 ;7208,06;0,720805922
01/07/2015;LKR;Sri Lanka;2,615;3.843,78 ;1469,97;0,146997155
01/07/2015;SEK;Sweden;5,128;51.397,19 ;10023,80;1,002380495
01/07/2015;CHF;Switzerland;6,822;82.081,61 ;12031,90;1,203190112
01/07/2015;THB;Thailand;3,168;5.840,05 ;1843,26;0,184326482
01/07/2015;TRY;Turkey;3,874;10.948,72 ;2826,05;0,282605275
01/07/2015;UAH;Ukraine;1,549;2.124,66 ;1371,66;0,137165722
01/07/2015;USD;United States;4,790;56.803,47 ;11858,76;1,185876251
01/07/2015;UYU;Uruguay;4,132;15.613,76 ;3778,39;0,377839278
01/07/2015;VND;Vietnam;2,751;2.085,10 ;757,93;0,075793439
01/07/2016;ARS;Argentina;3,348;12.790,24 ;3820,45;0,382044543
01/07/2016;AUD;Australia;4,305;45.237,81 ;10508,84;1,050884173
01/07/2016;BRL;Brazil;4,782;8.712,89 ;1822,09;0,182208953
01/07/2016;GBP;Britain;3,940;41.074,17 ;10424,33;1,04243282
01/07/2016;CAD;Canada;4,605;42.279,90 ;9181,79;0,918178513
01/07/2016;CLP;Chile;3,532;13.748,09 ;3892,02;0,389202384
01/07/2016;CNY;China;2,785;8.078,79 ;2900,55;0,290054639
01/07/2016;COP;Colombia;3,039;5.871,22 ;1932,23;0,193222626
01/07/2016;CRC;Costa Rica;4,118;11.666,46 ;2833,08;0,283308215
01/07/2016;CZK;Czech Republic;3,055;18.463,39 ;6042,83;0,604283256
01/07/2016;DKK;Denmark;4,440;54.664,00 ;12312,43;1,231242789
01/07/2016;EGP;Egypt;2,590;3.525,02 ;1360,96;0,136095664
01/07/2016;EUR;Euro area;4,206;35.128,10 ;8352,64;0,83526396
01/07/2016;HKD;Hong Kong;2,476;43.734,25 ;17665,45;1,766544804
01/07/2016;HUF;Hungary;3,151;12.992,38 ;4123,49;0,412348699
01/07/2016;INR;India;2,411;1.729,27 ;717,33;0,071732599
01/07/2016;IDR;Indonesia;2,364;3.562,85 ;1507,03;0,150702629
01/07/2016;ILS;Israel;4,380;37.321,62 ;8521,59;0,852158679
01/07/2016;JPY;Japan;3,467;38.794,33 ;11190,07;1,119006749
01/07/2016;MYR;Malaysia;1,987;9.817,74 ;4942,01;0,494200531
01/07/2016;MXN;Mexico;2,374;8.739,76 ;3681,62;0,368162223
01/07/2016;NZD;New Zealand;4,221;40.026,85 ;9482,12;0,948211503
01/07/2016;NOK;Norway;5,510;70.460,56 ;12787,61;1,278761312
01/07/2016;PKR;Pakistan;3,578;1.368,45 ;382,51;0,038251035
01/07/2016;PEN;Peru;3,025;6.205,00 ;2051,28;0,205127902
01/07/2016;PHP;Philippines;2,823;2.941,21 ;1041,92;0,104191884
01/07/2016;PLN;Poland;2,421;12.431,58 ;5135,34;0,513534136
01/07/2016;RUB;Russia;2,050;8.745,38 ;4265,56;0,426556008
01/07/2016;SAR;Saudi Arabia;3,200;19.879,30 ;6213,11;0,621310878
01/07/2016;SGD;Singapore;4,014;56.724,17 ;14131,08;1,413108369
01/07/2016;ZAR;South Africa;2,102;5.272,92 ;2508,81;0,250881065
01/07/2016;KRW;South Korea;3,856;27.608,25 ;7159,01;0,71590068
01/07/2016;LKR;Sri Lanka;3,625;3.886,29 ;1072,03;0,107202984
01/07/2016;SEK;Sweden;5,229;51.974,20 ;9940,15;0,994015183
01/07/2016;CHF;Switzerland;6,592;80.172,19 ;12162,74;1,216273843
01/07/2016;THB;Thailand;3,403;5.978,61 ;1756,66;0,175665672
01/07/2016;TRY;Turkey;3,533;10.820,63 ;3063,04;0,306304463
01/07/2016;UAH;Ukraine;1,573;2.187,73 ;1391,17;0,139117317
01/07/2016;USD;United States;5,040;57.904,20 ;11488,93;1,148892896
01/07/2016;UYU;Uruguay;4,078;15.387,14 ;3773,60;0,377360325
01/07/2016;VND;Vietnam;2,691;2.192,21 ;814,77;0,081477307
01/07/2017;ARS;Argentina;4,126;14.591,86 ;3536,96;0,353696346
01/07/2017;AUD;Australia;4,528;47.431,63 ;10475,29;1,047528754
01/07/2017;BRL;Brazil;5,102;9.880,95 ;1936,85;0,193684518
01/07/2017;GBP;Britain;4,111;40.361,42 ;9816,88;0,981687701
01/07/2017;CAD;Canada;4,656;45.069,93 ;9680,60;0,968059761
01/07/2017;CLP;Chile;3,844;15.037,35 ;3911,80;0,391180451
01/07/2017;CNY;China;2,917;8.759,04 ;3002,63;0,3002626
01/07/2017;COP;Colombia;3,244;6.375,93 ;1965,69;0,196569341
01/07/2017;CRC;Costa Rica;4,000;11.752,54 ;2938,11;0,293811019
01/07/2017;CZK;Czech Republic;3,281;20.379,90 ;6210,73;0,621073256
01/07/2017;DKK;Denmark;4,606;57.141,06 ;12404,47;1,240446697
01/07/2017;EGP;Egypt;1,754;2.440,51 ;1391,41;0,139140977
01/07/2017;EUR;Euro area;4,465;36.997,73 ;8286,12;0,82861196
01/07/2017;HKD;Hong Kong;2,458;46.225,78 ;18806,91;1,88069112
01/07/2017;HUF;Hungary;3,209;14.457,61 ;4505,41;0,450540516
01/07/2017;INR;India;2,757;1.981,27 ;718,57;0,071857165
01/07/2017;IDR;Indonesia;2,403;3.836,91 ;1596,76;0,159676335
01/07/2017;ILS;Israel;4,773;40.541,86 ;8493,40;0,849340016
01/07/2017;JPY;Japan;3,361;38.331,98 ;11404,77;1,140477261
01/07/2017;MYR;Malaysia;2,003;10.254,23 ;5119,37;0,511936672
01/07/2017;MXN;Mexico;2,754;9.278,42 ;3368,78;0,336877588
01/07/2017;NZD;New Zealand;4,432;42.260,13 ;9534,67;0,953466746
01/07/2017;NOK;Norway;5,914;75.496,75 ;12765,42;1,276542259
01/07/2017;PKR;Pakistan;3,566;1.464,99 ;410,78;0,041078412
01/07/2017;PEN;Peru;3,229;6.710,51 ;2078,02;0,207802065
01/07/2017;PHP;Philippines;2,649;2.981,93 ;1125,49;0,112549099
01/07/2017;PLN;Poland;2,723;13.856,98 ;5088,12;0,50881193
01/07/2017;RUB;Russia;2,278;10.750,59 ;4719,03;0,471902907
01/07/2017;SAR;Saudi Arabia;3,200;20.803,74 ;6501,43;0,65014296
01/07/2017;SGD;Singapore;4,065;60.297,79 ;14834,33;1,483433402
01/07/2017;ZAR;South Africa;2,261;6.132,48 ;2712,60;0,271260025
01/07/2017;KRW;South Korea;3,844;29.742,84 ;7737,53;0,773753193
01/07/2017;LKR;Sri Lanka;3,773;4.104,63 ;1087,90;0,108790413
01/07/2017;SEK;Sweden;5,819;53.744,43 ;9236,15;0,923615079
01/07/2017;CHF;Switzerland;6,742;80.450,05 ;11933,22;1,193321718
01/07/2017;THB;Thailand;3,496;6.578,19 ;1881,50;0,188150021
01/07/2017;TRY;Turkey;3,006;10.513,65 ;3497,43;0,349742627
01/07/2017;UAH;Ukraine;1,698;2.640,68 ;1555,30;0,155529796
01/07/2017;USD;United States;5,300;59.927,93 ;11307,16;1,130715657
01/07/2017;UYU;Uruguay;4,529;16.437,24 ;3629,47;0,362947011
01/07/2017;VND;Vietnam;2,639;2.365,62 ;896,27;0,089627491
01/07/2018;ARS;Argentina;2,705;11.683,95 ;4319,17;0,431916671
01/07/2018;AUD;Australia;4,515;51.461,95 ;11396,94;1,139694276
01/07/2018;BRL;Brazil;4,403;8.920,76 ;2026,10;0,20260951
01/07/2018;GBP;Britain;4,232;42.943,90 ;10148,54;1,014854001
01/07/2018;CAD;Canada;5,067;46.232,99 ;9123,89;0,912388931
01/07/2018;CLP;Chile;4,051;15.923,36 ;3930,96;0,393095856
01/07/2018;CNY;China;3,096;9.770,85 ;3156,22;0,315622192
01/07/2018;COP;Colombia;4,140;6.667,79 ;1610,39;0,161039472
01/07/2018;CRC;Costa Rica;4,033;12.027,37 ;2982,16;0,298215648
01/07/2018;CZK;Czech Republic;3,399;23.078,57 ;6789,64;0,678963939
01/07/2018;DKK;Denmark;4,718;61.350,35 ;13004,43;1,300443325
01/07/2018;EGP;Egypt;1,752;2.549,13 ;1454,96;0,145496375
01/07/2018;EUR;Euro area;4,735;39.927,62 ;8432,30;0,843229697
01/07/2018;HKD;Hong Kong;2,548;48.675,62 ;19100,92;1,910092034
01/07/2018;HUF;Hungary;3,075;16.161,98 ;5256,07;0,525607001
01/07/2018;INR;India;2,514;2.009,98 ;799,63;0,079963465
01/07/2018;IDR;Indonesia;2,194;3.893,60 ;1774,99;0,177498539
01/07/2018;ILS;Israel;4,677;41.715,03 ;8919,41;0,891940941
01/07/2018;JPY;Japan;3,506;39.289,96 ;11207,71;1,12077125
01/07/2018;MYR;Malaysia;2,101;11.373,23 ;5414,06;0,541406269
01/07/2018;MXN;Mexico;2,572;9.673,44 ;3761,09;0,376109413
01/07/2018;NZD;New Zealand;4,234;41.945,33 ;9906,83;0,990683274
01/07/2018;NOK;Norway;5,223;81.697,25 ;15642,10;1,564210485
01/07/2018;PKR;Pakistan;3,087;1.482,40 ;480,26;0,048025906
01/07/2018;PEN;Peru;3,210;6.941,24 ;2162,69;0,216269077
01/07/2018;PHP;Philippines;2,617;3.102,71 ;1185,39;0,118539164
01/07/2018;PLN;Poland;2,739;15.420,91 ;5629,32;0,562931964
01/07/2018;RUB;Russia;2,092;11.288,88 ;5396,14;0,539614034
01/07/2018;SAR;Saudi Arabia;3,200;23.338,96 ;7294,20;0,729420405
01/07/2018;SGD;Singapore;4,278;64.581,94 ;15097,14;1,50971429
01/07/2018;ZAR;South Africa;2,320;6.374,03 ;2747,39;0,27473912
01/07/2018;KRW;South Korea;4,032;31.362,75 ;7777,96;0,777796237
01/07/2018;LKR;Sri Lanka;3,642;4.102,48 ;1126,56;0,112655553
01/07/2018;SEK;Sweden;5,827;54.608,36 ;9371,87;0,937186537
01/07/2018;CHF;Switzerland;6,544;82.796,55 ;12651,95;1,26519493
01/07/2018;THB;Thailand;3,588;7.273,56 ;2027,43;0,202742934
01/07/2018;TRY;Turkey;2,284;9.370,18 ;4102,18;0,410217604
01/07/2018;UAH;Ukraine;1,908;3.095,17 ;1621,81;0,162180905
01/07/2018;USD;United States;5,510;62.794,59 ;11396,48;1,139647652
01/07/2018;UYU;Uruguay;4,471;17.277,97 ;3864,09;0,38640946
01/07/2018;VND;Vietnam;2,821;2.566,60 ;909,74;0,090974016
09/07/2019;ARS;Argentina;2,871;;;
09/07/2019;AUD;Australia;4,260;;;
09/07/2019;BRL;Brazil;4,596;;;
09/07/2019;GBP;Britain;4,101;;;
09/07/2019;CAD;Canada;5,156;;;
09/07/2019;CLP;Chile;3,827;;;
09/07/2019;CNY;China;3,050;;;
09/07/2019;COP;Colombia;3,688;;;
09/07/2019;CRC;Costa Rica;3,935;;;
09/07/2019;CZK;Czech Republic;3,728;;;
09/07/2019;DKK;Denmark;4,505;;;
09/07/2019;EGP;Egypt;2,528;;;
09/07/2019;EUR;Euro area;4,572;;;
09/07/2019;HKD;Hong Kong;2,625;;;
09/07/2019;HUF;Hungary;3,098;;;
09/07/2019;INR;India;2,669;;;
09/07/2019;IDR;Indonesia;2,265;;;
09/07/2019;ILS;Israel;4,766;;;
09/07/2019;JPY;Japan;3,586;;;
09/07/2019;MYR;Malaysia;2,136;;;
09/07/2019;MXN;Mexico;2,646;;;
09/07/2019;NZD;New Zealand;4,229;;;
09/07/2019;NOK;Norway;4,854;;;
09/07/2019;PKR;Pakistan;3,049;;;
09/07/2019;PEN;Peru;3,195;;;
09/07/2019;PHP;Philippines;2,767;;;
09/07/2019;PLN;Poland;2,836;;;
09/07/2019;RUB;Russia;2,036;;;
09/07/2019;SAR;Saudi Arabia;3,466;;;
09/07/2019;SGD;Singapore;4,261;;;
09/07/2019;ZAR;South Africa;2,187;;;
09/07/2019;KRW;South Korea;3,812;;;
09/07/2019;LKR;Sri Lanka;3,643;;;
09/07/2019;SEK;Sweden;5,383;;;
09/07/2019;CHF;Switzerland;6,542;;;
09/07/2019;THB;Thailand;3,860;;;
09/07/2019;TRY;Turkey;2,445;;;
09/07/2019;UAH;Ukraine;2,222;;;
09/07/2019;USD;United States;5,740;;;
09/07/2019;UYU;Uruguay;4,663;;;
09/07/2019;VND;Vietnam;2,798;;;
14/01/2020;ARS;Argentina;2,847;;;
14/01/2020;AUD;Australia;4,451;;;
14/01/2020;BRL;Brazil;4,805;;;
14/01/2020;GBP;Britain;4,410;;;
14/01/2020;CAD;Canada;5,182;;;
14/01/2020;CLP;Chile;3,416;;;
14/01/2020;CNY;China;3,123;;;
14/01/2020;COP;Colombia;3,620;;;
14/01/2020;CRC;Costa Rica;4,123;;;
14/01/2020;CZK;Czech Republic;3,756;;;
14/01/2020;DKK;Denmark;4,465;;;
14/01/2020;EGP;Egypt;2,645;;;
14/01/2020;EUR;Euro area;4,582;;;
14/01/2020;HKD;Hong Kong;2,637;;;
14/01/2020;HUF;Hungary;3,013;;;
14/01/2020;INR;India;2,652;;;
14/01/2020;IDR;Indonesia;2,414;;;
14/01/2020;ILS;Israel;4,914;;;
14/01/2020;JPY;Japan;3,544;;;
14/01/2020;MYR;Malaysia;2,332;;;
14/01/2020;MXN;Mexico;2,657;;;
14/01/2020;NZD;New Zealand;4,295;;;
14/01/2020;NOK;Norway;5,972;;;
14/01/2020;PKR;Pakistan;3,358;;;
14/01/2020;PEN;Peru;3,576;;;
14/01/2020;PHP;Philippines;2,807;;;
14/01/2020;PLN;Poland;2,897;;;
14/01/2020;RUB;Russia;2,198;;;
14/01/2020;SAR;Saudi Arabia;3,465;;;
14/01/2020;SGD;Singapore;4,380;;;
14/01/2020;ZAR;South Africa;2,154;;;
14/01/2020;KRW;South Korea;3,892;;;
14/01/2020;LKR;Sri Lanka;3,196;;;
14/01/2020;SEK;Sweden;5,444;;;
14/01/2020;CHF;Switzerland;6,713;;;
14/01/2020;THB;Thailand;3,798;;;
14/01/2020;TRY;Turkey;2,209;;;
14/01/2020;UAH;Ukraine;2,376;;;
14/01/2020;USD;United States;5,670;;;
14/01/2020;UYU;Uruguay;4,782;;;
14/01/2020;VND;Vietnam;2,848;;;
